company_id,year,return_on_equity_pct,debt_to_equity
INDIGO,2015.0,4939.39393939394,0.15151515151515152
BEL,2024.0,4744.047619047619,0.5119047619047619
BEL,2023.0,3981.333333333333,0.52
BEL,2019.0,3851.020408163265,0.9591836734693877
HAL,2024.0,3816.5829145728644,0.6180904522613065
BEL,2021.0,3559.322033898305,0.8305084745762712
BEL,2022.0,3478.260869565217,0.8405797101449275
HAL,2022.0,3324.183006535948,0.0784313725490196
BEL,2020.0,3318.181818181818,0.8
HAL,2023.0,3283.050847457627,0.2655367231638418
HAL,2021.0,2249.3055555555557,0.041666666666666664
INDIGO,2018.0,2242.0,0.54
HAL,2020.0,2059.4202898550725,0.014492753623188406
HAL,2017.0,1966.9172932330828,0.015037593984962405
HAL,2019.0,1763.9097744360904,0.06015037593984962
INDIGO,2017.0,1692.8571428571427,0.5306122448979592
INDIGO,2016.0,1534.775888717156,0.061823802163833076
HAL,2018.0,1528.4615384615386,0.023076923076923078
INDIGO,2024.0,892.568306010929,0.018579234972677595
LT,2013.0,395.1456310679612,0.17475728155339806
LT,2014.0,303.41614906832297,0.06832298136645963
LT,2015.0,245.11352418558738,0.10760118460019744
LT,2016.0,216.09411764705882,0.02588235294117647
LT,2019.0,208.80850194154914,0.0
LT,2018.0,207.3575129533679,0.0
LT,2017.0,206.29770992366412,0.0
LT,2020.0,201.59141376757955,0.1687638786084382
LT,2021.0,176.90306681270536,0.1092552026286966
HINDUNILVR,2013.0,133.99650959860384,0.008726003490401396
NESTLEIND,2023.0,121.96014640097602,0.11020740138267589
INDIGO,2019.0,120.93023255813952,0.6821705426356589
NESTLEIND,2024.0,117.75449101796407,0.10329341317365269
HINDUNILVR,2014.0,111.84619734238055,0.013005371783997738
NESTLEIND,2021.0,108.83864337101747,0.1366906474820144
HINDUNILVR,2015.0,108.66650111745717,0.010677924012912838
NESTLEIND,2020.0,103.12035661218424,0.07280832095096583
NESTLEIND,2019.0,102.60688216892598,0.09854014598540146
NESTLEIND,2022.0,97.23464823098821,0.11020740138267589
HINDUNILVR,2020.0,82.09989063069631,0.0
LICI,2023.0,77.85997015119071,0.0
LT,2024.0,77.66510140873214,0.10345688880007993
HINDUNILVR,2019.0,77.03063429515699,0.01258421253336723
LT,2023.0,75.52434908389586,0.09287608486017358
NAUKRI,2022.0,74.71291033522793,0.0037118663728105787
LT,2022.0,72.92133258678611,0.018057110862262037
HINDUNILVR,2018.0,71.78958934212334,0.0
HINDUNILVR,2017.0,66.57769869513642,0.041073546856465006
COALINDIA,2019.0,66.01398601398601,0.08353808353808354
BRITANNIA,2023.0,65.53480475382003,0.8480475382003395
HINDUNILVR,2016.0,63.15228966986155,0.026928343222272933
LTIM,2014.0,61.86335403726708,0.06832298136645963
BRITANNIA,2022.0,59.26505082095387,0.9698983580922595
BRITANNIA,2015.0,55.34136546184739,0.11646586345381527
BRITANNIA,2024.0,54.14869322506978,0.5239786856127886
BRITANNIA,2021.0,52.17023675310034,0.5980834272829764
COALINDIA,2023.0,52.13911214108443,0.07118320924346268
COALINDIA,2020.0,51.93270516528283,0.20008085331343098
TCS,2024.0,50.944313673485176,0.0886406082507266
TORNTPHARM,2016.0,49.59931310818546,0.6731539782484258
BRITANNIA,2014.0,49.49874686716792,0.18796992481203006
LICI,2024.0,49.44710986501021,0.0
ADANIPOWER,2024.0,48.27674122146251,0.8023177656738903
NESTLEIND,2013.0,47.170608108108105,0.5021114864864865
TCS,2023.0,46.7829337344068,0.08502167566132886
BRITANNIA,2013.0,46.59498207885305,0.6810035842293907
COALINDIA,2024.0,45.16982956605826,0.0788468512027076
NESTLEIND,2018.0,43.75170160631636,0.00952899537163082
LICI,2021.0,43.201626961069145,0.0005810575246949448
TCS,2022.0,43.13375739014349,0.08770571803587655
HAVELLS,2016.0,42.94681202510737,0.04426825239511067
SIEMENS,2016.0,42.83404380420402,0.003674849331177422
LTIM,2013.0,41.97162061239731,0.17475728155339806
NESTLEIND,2014.0,41.76947479732112,0.007049700387733521
COALINDIA,2016.0,40.95828668216921,0.034421382022794475
IRCTC,2023.0,40.597255851493145,0.03389830508474576
HAVELLS,2013.0,40.29126213592233,0.680998613037448
COALINDIA,2022.0,40.27999907285075,0.08145006142363767
TCS,2015.0,39.616865804285574,0.007070208353905401
BRITANNIA,2016.0,39.4359464627151,0.06261950286806883
LTIM,2016.0,39.34117647058824,0.02588235294117647
TCS,2014.0,39.29667649151337,0.006037198902327472
IRCTC,2020.0,39.04109589041096,0.0
BAJAJ-AUTO,2013.0,38.84686918784873,0.014383137011779294
TCS,2020.0,38.56952666238737,0.09716377814231035
ICICIPRULI,2013.0,38.24791719262812,0.0
LTIM,2015.0,37.95656465942744,0.10760118460019744
COALINDIA,2017.0,37.84974304592544,0.12293009217717596
TCS,2021.0,37.67311096456215,0.09018546157139055
HDFCLIFE,2014.0,37.60373443983403,0.0
HEROMOTOCO,2014.0,37.38218033078428,0.050506846878890274
TITAN,2013.0,36.80203045685279,0.0
EICHERMOT,2016.0,36.627429509991785,0.006296194908294552
DABUR,2013.0,36.563245823389025,0.5494033412887828
TCS,2013.0,36.51740777253152,0.008613085663882115
TATASTEEL,2022.0,36.48016916718366,0.6602500808262629
LICI,2022.0,36.38207796789557,8.819897689186806e-05
TRENT,2024.0,36.30776794493609,0.4309242871189774
HEROMOTOCO,2015.0,36.14678899082569,0.01529051987767584
NESTLEIND,2017.0,35.8187134502924,0.01023391812865497
COALINDIA,2013.0,35.80623865324311,0.026922759531275788
COALINDIA,2014.0,35.63814734459013,0.0041977171964908975
ICICIPRULI,2014.0,35.614875655943415,0.0
BPCL,2024.0,35.511337343822305,0.7218747934157467
IRCTC,2022.0,35.294117647058826,0.05614973262032086
TCS,2019.0,35.28609440332715,0.000693155646982537
HEROMOTOCO,2016.0,35.22752999773602,0.026262168892913742
TORNTPHARM,2014.0,34.8922753547031,0.5948502364687336
COALINDIA,2018.0,34.87957181088314,0.07622162751511548
IRCTC,2016.0,34.87084870848708,0.0
COALINDIA,2021.0,34.78284681526918,0.16112602004490936
DABUR,2014.0,34.48795180722892,0.26656626506024095
IRCTC,2024.0,34.39628482972136,0.018575851393188854
HEROMOTOCO,2017.0,34.373788290034895,0.025300504071345483
ASIANPAINT,2013.0,34.2789598108747,0.0741725768321513
TCS,2016.0,34.2441467807294,0.0034472084646555608
COALINDIA,2015.0,34.01729735087849,0.010110772433276337
HDFCLIFE,2013.0,33.43305908750935,0.0
HCLTECH,2014.0,33.39130434782609,0.05207161125319693
TECHM,2014.0,33.34785449793073,0.03953387061642344
ITC,2013.0,33.26712151308403,0.0044045254339753
BAJAJ-AUTO,2014.0,33.24481164551982,0.0058030884233303826
ITC,2014.0,33.04695818188493,0.00888497264750156
BRITANNIA,2017.0,32.826409495548965,0.046364985163204746
ABB,2024.0,32.46823465801568,0.022438496891051634
GODREJCP,2019.0,32.22787945507087,0.4653914958029448
INFY,2023.0,31.970506716883047,0.11005609558794277
DABUR,2015.0,31.84257602862254,0.21884317233154443
BRITANNIA,2020.0,31.66023166023166,0.3493072904837611
ASIANPAINT,2014.0,31.27011636543699,0.06164892300074276
EICHERMOT,2017.0,31.18802619270346,0.02095416276894294
ICICIPRULI,2015.0,31.14909781576448,0.0
HEROMOTOCO,2018.0,31.089208152355496,0.019044437019712663
ICICIPRULI,2016.0,30.99755776817584,0.19331204208153296
LTIM,2019.0,30.983036991620683,0.0
HDFCLIFE,2015.0,30.932703659976386,0.0
LTIM,2017.0,30.884223918575067,0.0
ITC,2015.0,30.813587093521555,0.008476178472397277
HCLTECH,2013.0,30.689759951382555,0.07930720145852324
PIDILITIND,2016.0,30.591357088703564,0.030326004548900682
TORNTPHARM,2013.0,30.590717299578056,0.4873417721518987
TCS,2017.0,30.571600900085834,0.003352123785000116
NESTLEIND,2016.0,30.499695307739184,0.010054844606946984
TCS,2018.0,30.401278075368854,0.002901513015694014
HCLTECH,2015.0,30.30878467635403,0.026750330250990752
ASIANPAINT,2015.0,30.09278785322649,0.08814846056516237
DABUR,2016.0,30.064732678014867,0.19299928074802206
INFY,2024.0,29.788006718416632,0.09486358890553362
ABB,2023.0,29.767879548306148,0.03544542032622334
ASIANPAINT,2024.0,29.677488252883382,0.1321016659547202
IRCTC,2015.0,29.504504504504503,0.0
BRITANNIA,2018.0,29.47739283617146,0.05901350557839107
INFY,2022.0,29.39084273390843,0.07264764432647644
TITAN,2014.0,29.131985731272298,0.31985731272294887
BPCL,2016.0,29.103403612290425,0.8414765776786357
IRCTC,2017.0,29.09783989834816,0.0
BAJAJ-AUTO,2016.0,28.96576319543509,0.008416547788873038
IRCTC,2019.0,28.851540616246496,0.0
LTIM,2018.0,28.808290155440414,0.0
ABB,2022.0,28.333333333333332,0.05390070921985816
ITC,2023.0,28.16426867182416,0.004424842744559323
LTIM,2020.0,28.127313101406365,0.1687638786084382
EICHERMOT,2014.0,27.90143084260731,0.023052464228934817
EICHERMOT,2018.0,27.880512091038405,0.021479374110953058
ITC,2024.0,27.851074395694365,0.004066731984914169
LTIM,2022.0,27.645576707726764,0.018057110862262037
ASIANPAINT,2016.0,27.632183908045977,0.04950191570881226
TITAN,2023.0,27.626360644671337,0.7903974348156274
ASIANPAINT,2020.0,27.38400789733465,0.11036525172754195
BAJAJ-AUTO,2015.0,27.273546642631818,0.010094637223974764
BRITANNIA,2019.0,27.157300728897248,0.03667999059487421
EICHERMOT,2012.0,27.065527065527068,0.013105413105413105
PIDILITIND,2018.0,27.028539451594852,0.03497481813094572
HAVELLS,2014.0,26.770708283313326,0.6326530612244898
BAJAJ-AUTO,2024.0,26.61418410330778,0.06601754022512257
LTIM,2023.0,26.57907425265188,0.09287608486017358
ABB,2021.0,26.5564950038432,0.058800922367409685
LTIM,2021.0,26.533406352683457,0.1092552026286966
ASIANPAINT,2017.0,26.512361914781696,0.07364544976328248
TITAN,2015.0,26.459143968871597,0.0324254215304799
HEROMOTOCO,2019.0,26.417682926829265,0.02378048780487805
DABUR,2017.0,26.408087476789767,0.20115535382710956
HDFCLIFE,2016.0,26.32935868514341,0.0
NAUKRI,2021.0,26.278724981467754,0.012045959970348406
ICICIPRULI,2017.0,26.256634405245084,0.0
ASIANPAINT,2023.0,26.231865932966482,0.12087293646823412
DIVISLAB,2016.0,26.22874446773818,0.009783368273934312
HCLTECH,2017.0,26.119153843819237,0.01766366202312665
SHREECEM,2013.0,26.11862643080125,0.3350676378772112
GODREJCP,2018.0,26.110578459571748,0.5605624800255673
DIVISLAB,2014.0,26.07962213225371,0.006072874493927126
PIDILITIND,2013.0,25.681405208964264,0.06723198061780739
DABUR,2019.0,25.67471590909091,0.12411221590909091
EICHERMOT,2013.0,25.547445255474454,0.040875912408759124
GODREJCP,2013.0,25.505584062782976,0.7413220645940235
INFY,2021.0,25.43909051616875,0.06974368377624393
INFY,2020.0,25.422459893048128,0.0707868601986249
HEROMOTOCO,2020.0,25.39913924753575,0.031445231153685964
DIVISLAB,2022.0,25.2387448840382,0.00034106412005457026
PIDILITIND,2020.0,25.179533213644522,0.06463195691202872
ABB,2014.0,25.12690355329949,0.0
ASIANPAINT,2021.0,25.042948617835393,0.0853506168983289
DRREDDY,2014.0,24.958677685950413,0.5692307692307692
ASIANPAINT,2018.0,24.94649227110583,0.0633769322235434
PIDILITIND,2017.0,24.863151829443964,0.028233938346297897
ITC,2022.0,24.822672324073334,0.003986870546793691
INFY,2013.0,24.81707638048113,0.0
TVSMOTOR,2015.0,24.754716981132074,0.8445283018867924
EICHERMOT,2019.0,24.702848172235928,0.020968827091276072
INFY,2018.0,24.689247262141308,0.0
GODREJCP,2017.0,24.669935873255376,0.7546208977744248
ICICIPRULI,2018.0,24.627319744447824,0.0
NAUKRI,2018.0,24.49877750611247,0.0004889975550122249
HCLTECH,2019.0,24.46453609244307,0.10141178745829908
ABB,2015.0,24.439701173959445,0.0
ABB,2020.0,24.39325380501851,0.07198683669271905
INFY,2015.0,24.385052034058656,0.0
DIVISLAB,2015.0,24.37070938215103,0.007723112128146453
TORNTPHARM,2024.0,24.154025670945156,0.5866394399066511
TECHM,2013.0,24.087725764835973,0.25433099889421307
DIVISLAB,2013.0,24.070371851259495,0.013194722111155539
BAJAJ-AUTO,2020.0,24.06056689133044,0.005816637429600221
DRREDDY,2013.0,23.97550635892605,0.5781127335531481
HCLTECH,2018.0,23.97075798383994,0.015308085527400648
INFY,2014.0,23.92993487536492,0.0
ITC,2020.0,23.88889740015014,0.004243714859130115
DABUR,2018.0,23.79950928846828,0.16438836312653346
INFY,2019.0,23.726673646609594,0.0
DRREDDY,2015.0,23.708515173043743,0.4378361920227342
ABB,2018.0,23.685764914353218,0.0
TITAN,2022.0,23.6267870579383,0.782005804579168
TVSMOTOR,2016.0,23.58438702583837,0.59978009895547
IOC,2024.0,23.53162465856491,0.7230954600718581
HDFCLIFE,2018.0,23.52816153028693,0.0
ASIANPAINT,2019.0,23.3132720937599,0.13937282229965156
NAUKRI,2019.0,23.27959103421156,0.00039323633503735744
HDFCLIFE,2017.0,23.183481442760062,0.0
SUNPHARMA,2013.0,23.142094729819878,0.01734489659773182
IRCTC,2018.0,23.141361256544503,0.0
PIDILITIND,2014.0,23.05327868852459,0.0235655737704918
SBILIFE,2013.0,23.026315789473685,0.0
HCLTECH,2024.0,23.01393141233172,0.08435023365512796
TVSMOTOR,2017.0,22.95895354082093,0.591339648173207
SIEMENS,2015.0,22.94313074066836,0.004885675200312683
LTIM,2024.0,22.904386052552702,0.10345688880007993
TITAN,2019.0,22.8830313014827,0.3942339373970346
BAJAJ-AUTO,2017.0,22.843862007168457,0.006720430107526882
SIEMENS,2011.0,22.746331236897273,0.0
HCLTECH,2023.0,22.697041510587876,0.07329714853604465
HDFCLIFE,2019.0,22.651542006380716,0.0
PIDILITIND,2015.0,22.643171806167402,0.02555066079295154
GODREJCP,2015.0,22.639758756668986,0.6302482022732545
ITC,2017.0,22.57341693060134,0.0009911016310085537
ABB,2012.0,22.411128284389488,0.0
ABB,2019.0,22.410358565737052,0.0
TITAN,2020.0,22.38716449242765,0.5341130604288499
PIDILITIND,2019.0,22.372227579556416,0.027242044358727097
ASIANPAINT,2022.0,22.335650159281784,0.11490008688097307
ITC,2016.0,22.261012183692596,0.0019681349578256793
ITC,2021.0,22.17674449434106,0.004490695477819941
EICHERMOT,2024.0,22.172346910501524,0.023219728456636186
DABUR,2021.0,22.116388308977037,0.06641440501043841
DABUR,2020.0,21.91946715107478,0.07901907356948229
BHEL,2013.0,21.90906412648532,0.08831712985695113
ITC,2018.0,21.88725956960579,0.0006855836983431727
INFY,2016.0,21.84665716506867,0.0
HCLTECH,2022.0,21.841586717059148,0.10244855767677746
ICICIGI,2014.0,21.72096908939014,0.0
TECHM,2015.0,21.70966688438929,0.057152188112344876
ITC,2019.0,21.70406317106576,0.00021981366564650582
GODREJCP,2014.0,21.695364238410598,0.6286092715231788
SBILIFE,2014.0,21.69249106078665,0.0
TITAN,2018.0,21.650294695481335,0.33222003929273086
HCLTECH,2020.0,21.56748005539626,0.15577271929311254
TORNTPHARM,2017.0,21.466329579407034,0.5768788784187543
TORNTPHARM,2021.0,21.44570058239123,0.8348749571771155
TATAMOTORS,2014.0,21.416377050179864,0.9243643680263398
SUNPHARMA,2017.0,21.413755458515286,0.2683406113537118
SUNPHARMA,2015.0,21.358920352601608,0.35088540447772837
DIVISLAB,2021.0,21.34480903711673,0.0005379236148466917
ABB,2016.0,21.338912133891213,0.0
BAJAJ-AUTO,2019.0,21.211208195239532,0.005380278052769767
HAVELLS,2015.0,21.177117711771174,0.23322332233223322
TECHM,2019.0,21.143702243036728,0.09839783090953907
HEROMOTOCO,2024.0,21.14243742584327,0.03423922255494661
DMART,2016.0,21.038790269559502,0.7836949375410914
TECHM,2022.0,20.940266309603512,0.09737409804359146
SUNPHARMA,2014.0,20.939271255060728,0.13824561403508773
INFY,2017.0,20.80687715635963,0.0
DABUR,2022.0,20.782629444046766,0.12288236697685516
PIDILITIND,2024.0,20.780302129178065,0.045438325205186154
TECHM,2016.0,20.745665136042764,0.07477211979987664
BAJAJ-AUTO,2018.0,20.656058751529986,0.005924112607099143
BAJAJ-AUTO,2022.0,20.650390167118793,0.004119360996684417
BOSCHLTD,2024.0,20.639920424403183,0.003232758620689655
BAJAJ-AUTO,2023.0,20.638921054424088,0.004223145562291397
HCLTECH,2016.0,20.451973275893543,0.03979409295023913
ICICIGI,2015.0,20.27027027027027,0.0
MARUTI,2017.0,20.258934592043158,0.013054619015509103
HAVELLS,2021.0,20.166119374154917,0.10063743480780375
HINDUNILVR,2023.0,20.16340648854962,0.024232665394402036
PIDILITIND,2021.0,20.132308242445916,0.059181119256213124
SBILIFE,2015.0,20.09368836291913,0.0
TECHM,2018.0,20.092341983760548,0.12720904314599585
TORNTPHARM,2023.0,20.087124878993222,0.8662471765085511
HINDUNILVR,2024.0,20.074973642078955,0.028974188761763442
NESTLEIND,2015.0,19.985800496982606,0.006389776357827476
ABB,2017.0,19.971160778658977,0.0
IOC,2017.0,19.966502115655853,0.6197206550697383
HAVELLS,2022.0,19.923371647509576,0.10261535898717308
IOC,2018.0,19.869329258654304,0.5765143931011468
DIVISLAB,2017.0,19.787194325182007,0.006720179204778794
BOSCHLTD,2017.0,19.786339356745085,0.0
DRREDDY,2024.0,19.74233736816026,0.07085722375592836
APOLLOHOSP,2022.0,19.704783923172684,0.723457229237062
GODREJCP,2016.0,19.475041012420906,0.67752519334427
ICICIGI,2020.0,19.46527551353114,0.07906749266384089
DIVISLAB,2019.0,19.448037947391118,0.015236452493891045
EICHERMOT,2023.0,19.43962641761174,0.019212808539026016
ICICIGI,2019.0,19.425925925925927,0.08981481481481482
ICICIGI,2021.0,19.38412949072246,0.06382418739307803
DRREDDY,2023.0,19.35497723954307,0.05784591600103066
GAIL,2020.0,19.31273849151579,0.14029390273605585
IOC,2022.0,19.266110008611975,0.9886546598270116
TITAN,2016.0,19.24721984602224,0.03222127174222983
GRASIM,2013.0,19.219616421630974,0.48583201912804597
GAIL,2022.0,19.19081635836167,0.14374395607823565
HDFCLIFE,2020.0,19.05391508741002,0.0
HEROMOTOCO,2021.0,19.045147898287492,0.03788271925272444
ONGC,2022.0,18.995541477362497,0.4700754904567577
JINDALSTEL,2022.0,18.992280701754385,0.37900350877192984
ICICIGI,2018.0,18.982602950891874,0.1068046685752037
DABUR,2023.0,18.956870611835505,0.13083695531037556
GODREJCP,2020.0,18.95416561154723,0.45264623955431754
ICICIGI,2013.0,18.877005347593585,0.0
PIDILITIND,2022.0,18.847595252966894,0.06495940037476577
DIVISLAB,2020.0,18.83720930232558,0.00533515731874145
HAVELLS,2019.0,18.770843258694615,0.022391615054787994
HCLTECH,2021.0,18.64203094487006,0.11456612087526914
MARUTI,2018.0,18.517822317253696,0.002843111915223572
DABUR,2024.0,18.355969997972835,0.13835394283397526
EICHERMOT,2020.0,18.30477908025248,0.024947400060114217
GODREJCP,2021.0,18.23286365081047,0.1974785464561924
BOSCHLTD,2015.0,18.211514904042467,0.015108207431604737
HINDUNILVR,2022.0,18.12437577709382,0.02125924869040582
ICICIGI,2017.0,17.9953857985132,0.12432709561650859
MARUTI,2016.0,17.954664227854717,0.0075450744708649075
BAJAJHLDNG,2013.0,17.941034316094733,0.0
PIDILITIND,2023.0,17.872989462007766,0.05421519689406545
TECHM,2020.0,17.865493054600467,0.16824829230275523
SBILIFE,2016.0,17.832241707162478,0.0
BAJAJ-AUTO,2021.0,17.808821911780882,0.0044366223004436624
HAVELLS,2018.0,17.721179624664877,0.030831099195710455
SIEMENS,2024.0,17.698769290877124,0.018167610861496385
DMART,2015.0,17.666666666666668,0.7533333333333333
SBILIFE,2018.0,17.61642156862745,0.0
HINDALCO,2022.0,17.559565678914453,0.8247240731030425
SBILIFE,2019.0,17.51583949313622,0.0
BOSCHLTD,2019.0,17.508491289580366,0.0
TECHM,2021.0,17.506535290569072,0.11667001809772773
SHREECEM,2017.0,17.394128345024683,0.16796570537802027
TECHM,2023.0,17.3936398796734,0.09812347801174617
TECHM,2017.0,17.34501429701284,0.08310518951146803
DMART,2018.0,17.262797172842152,0.09402441636324695
SBILIFE,2017.0,17.201008645533143,0.0
BOSCHLTD,2012.0,17.19002332675399,0.041270410909743406
SUNPHARMA,2016.0,17.154291604766094,0.25761756056150137
CIPLA,2013.0,17.130502272979268,0.10721809513249805
HAVELLS,2024.0,17.067275412917954,0.040687525177924
HAVELLS,2020.0,17.045454545454543,0.016697588126159554
DRREDDY,2016.0,16.95441164770467,0.2666878828864667
ONGC,2024.0,16.940398136885513,0.45444863084819176
DMART,2014.0,16.84100418410042,0.6705020920502092
HEROMOTOCO,2023.0,16.810758885686838,0.034101825168107586
HINDUNILVR,2021.0,16.778537567646936,0.0
SHREECEM,2014.0,16.705582678836763,0.25472298874973465
SHREECEM,2016.0,16.695880806310253,0.1286882851300029
ICICIPRULI,2019.0,16.57691747926066,0.0
BAJAJHLDNG,2014.0,16.56804733727811,0.0
ICICIGI,2023.0,16.554959785522787,0.003351206434316354
TITAN,2017.0,16.46586345381526,0.44460193716040636
SBILIFE,2020.0,16.264440123527393,0.0
MARUTI,2019.0,16.24692092075087,0.00339760468869447
HAVELLS,2023.0,16.178690009055238,0.03365529731361304
DMART,2019.0,16.144621442634687,0.12529085376767496
TVSMOTOR,2014.0,16.1068044788975,0.6270456503014643
BOSCHLTD,2016.0,16.056633455689564,0.005243838489774515
HDFCLIFE,2021.0,15.752314814814813,0.06944444444444445
MARUTI,2024.0,15.750385351954785,0.001389602503619973
ONGC,2013.0,15.730882198678275,0.1356210007342914
ICICIGI,2024.0,15.7230643179025,0.0028676771814829987
MARUTI,2015.0,15.66329467883872,0.027387120651369355
ICICIGI,2016.0,15.66265060240964,0.0
ONGC,2019.0,15.644389537831781,0.4966579697050716
SHREECEM,2018.0,15.55580532763853,0.3824884792626728
CIPLA,2024.0,15.554557028383135,0.020931625851868495
NTPC,2013.0,15.492368291482029,0.8668020679468242
ONGC,2014.0,15.489218829871277,0.285288582183187
GODREJCP,2022.0,15.429214260989962,0.1474558670820353
IOC,2019.0,15.358898896584835,0.8603704131805209
ADANIPORTS,2024.0,15.3548827162833,0.9373223691689719
SUNPHARMA,2023.0,15.20314313778016,0.12297526564871863
SHREECEM,2021.0,15.17828148340586,0.14483340910566994
GAIL,2013.0,15.166354101548935,0.5720636243661874
BAJAJHLDNG,2015.0,15.149705069812589,0.0
SUNPHARMA,2024.0,15.094161810671148,0.051423814535002436
HAVELLS,2017.0,15.079365079365079,0.06349206349206349
ONGC,2017.0,15.005710287777926,0.41170145998168595
